Student_ID,Name,Gender,Study_Hours,Attendance,Assignments,Midterm,Final,Project,Total,Grade
1,Riya,F,2,75,60,55,58,65,313,A
2,Priya,M,5,88,78,70,75,80,391,A
3,Reena,F,8,101,96,85,92,95,469,A
4,Riya,F,11,114,114,100,109,110,547,A
5,Priya,M,14,127,132,115,126,125,625,A
6,Reena,F,17,140,150,130,143,140,703,A
7,Riya,F,20,153,168,145,160,155,781,A
8,Priya,M,23,166,186,160,177,170,859,A
9,Reena,F,26,179,204,175,194,185,937,A
10,Riya,F,29,192,222,190,211,200,1015,A
11,Priya,M,32,205,240,205,228,215,1093,A
12,Reena,F,35,218,258,220,245,230,1171,A
13,Riya,F,38,231,276,235,262,245,1249,A
14,Priya,M,41,244,294,250,279,260,1327,A
15,Reena,F,44,257,312,265,296,275,1405,A
16,Riya,F,47,270,330,280,313,290,1483,A
17,Priya,M,50,283,348,295,330,305,1561,A
18,Reena,F,53,296,366,310,347,320,1639,A
19,Riya,F,56,309,384,325,364,335,1717,A
20,Priya,M,59,322,402,340,381,350,1795,A
21,Reena,F,62,335,420,355,398,365,1873,A
22,Riya,F,65,348,438,370,415,380,1951,A
23,Priya,M,68,361,456,385,432,395,2029,A
24,Reena,F,71,374,474,400,449,410,2107,A
25,Riya,F,74,387,492,415,466,425,2185,A
26,Priya,M,77,400,510,430,483,440,2263,A
27,Reena,F,80,413,528,445,500,455,2341,A
28,Riya,F,83,426,546,460,517,470,2419,A
29,Priya,M,86,439,564,475,534,485,2497,A
30,Reena,F,89,452,582,490,551,500,2575,A
31,Riya,F,92,465,600,505,568,515,2653,A
32,Priya,M,95,478,618,520,585,530,2731,A
33,Reena,F,98,491,636,535,602,545,2809,A
34,Riya,F,101,504,654,550,619,560,2887,A
35,Priya,M,104,517,672,565,636,575,2965,A
36,Reena,F,107,530,690,580,653,590,3043,A
37,Riya,F,110,543,708,595,670,605,3121,A
38,Priya,M,113,556,726,610,687,620,3199,A
39,Reena,F,116,569,744,625,704,635,3277,A
40,Riya,F,119,582,762,640,721,650,3355,A
41,Priya,M,122,595,780,655,738,665,3433,A
42,Reena,F,125,608,798,670,755,680,3511,A
43,Riya,F,128,621,816,685,772,695,3589,A
44,Priya,M,131,634,834,700,789,710,3667,A
45,Reena,F,134,647,852,715,806,725,3745,A
46,Riya,F,137,660,870,730,823,740,3823,A
47,Priya,M,140,673,888,745,840,755,3901,A
48,Reena,F,143,686,906,760,857,770,3979,A
49,Riya,F,146,699,924,775,874,785,4057,B
50,Priya,M,149,712,942,790,891,800,4135,B
51,Reena,F,152,725,960,805,908,815,4213,B
52,Riya,F,155,738,978,820,925,830,4291,B
53,Priya,M,158,751,996,835,942,845,4369,B
54,Reena,F,161,764,1014,850,959,860,4447,B
55,Riya,F,164,777,1032,865,976,875,4525,B
56,Priya,M,167,790,1050,880,993,890,4603,B
57,Reena,F,170,803,1068,895,1010,905,4681,B
58,Riya,F,173,816,1086,910,1027,920,4759,B
59,Priya,M,176,829,1104,925,1044,935,4837,B
60,Reena,F,179,842,1122,940,1061,950,4915,B
61,Riya,F,182,855,1140,955,1078,965,4993,B
62,Priya,M,185,868,1158,970,1095,980,5071,B
63,Reena,F,188,881,1176,985,1112,995,5149,B
64,Riya,F,191,894,1194,1000,1129,1010,5227,B
65,Priya,M,194,907,1212,1015,1146,1025,5305,B
66,Reena,F,197,920,1230,1030,1163,1040,5383,B
67,Riya,F,200,933,1248,1045,1180,1055,5461,B
68,Priya,M,203,946,1266,1060,1197,1070,5539,B
69,Reena,F,206,959,1284,1075,1214,1085,5617,B
70,Riya,F,209,972,1302,1090,1231,1100,5695,B
71,Priya,M,212,985,1320,1105,1248,1115,5773,B
72,Reena,F,215,998,1338,1120,1265,1130,5851,B
73,Riya,F,218,1011,1356,1135,1282,1145,5929,B
74,Priya,M,221,1024,1374,1150,1299,1160,6007,B
75,Reena,F,224,1037,1392,1165,1316,1175,6085,B
76,Riya,F,227,1050,1410,1180,1333,1190,6163,B
77,Priya,M,230,1063,1428,1195,1350,1205,6241,B
78,Reena,F,233,1076,1446,1210,1367,1220,6319,B
79,Riya,F,236,1089,1464,1225,1384,1235,6397,B
80,Priya,M,239,1102,1482,1240,1401,1250,6475,B
81,Reena,F,242,1115,1500,1255,1418,1265,6553,B
82,Riya,F,245,1128,1518,1270,1435,1280,6631,B
83,Priya,M,248,1141,1536,1285,1452,1295,6709,B
84,Reena,F,251,1154,1554,1300,1469,1310,6787,B
85,Riya,F,254,1167,1572,1315,1486,1325,6865,B
86,Priya,M,257,1180,1590,1330,1503,1340,6943,B
87,Reena,F,260,1193,1608,1345,1520,1355,7021,B
88,Riya,F,263,1206,1626,1360,1537,1370,7099,B
89,Priya,M,266,1219,1644,1375,1554,1385,7177,B
90,Reena,F,269,1232,1662,1390,1571,1400,7255,B
91,Riya,F,272,1245,1680,1405,1588,1415,7333,B
92,Priya,M,275,1258,1698,1420,1605,1430,7411,B
93,Reena,F,278,1271,1716,1435,1622,1445,7489,B
94,Riya,F,281,1284,1734,1450,1639,1460,7567,B
95,Priya,M,284,1297,1752,1465,1656,1475,7645,B
96,Reena,F,287,1310,1770,1480,1673,1490,7723,B
97,Riya,F,290,1323,1788,1495,1690,1505,7801,B
98,Priya,M,293,1336,1806,1510,1707,1520,7879,B
99,Reena,F,296,1349,1824,1525,1724,1535,7957,B
100,Riya,F,299,1362,1842,1540,1741,1550,8035,B
101,Priya,M,302,1375,1860,1555,1758,1565,8113,B
102,Reena,F,305,1388,1878,1570,1775,1580,8191,B
103,Riya,F,308,1401,1896,1585,1792,1595,8269,B
104,Priya,M,311,1414,1914,1600,1809,1610,8347,B
105,Reena,F,314,1427,1932,1615,1826,1625,8425,B
106,Riya,F,317,1440,1950,1630,1843,1640,8503,B
107,Priya,M,320,1453,1968,1645,1860,1655,8581,B
108,Reena,F,323,1466,1986,1660,1877,1670,8659,B
109,Riya,F,326,1479,2004,1675,1894,1685,8737,B
110,Priya,M,329,1492,2022,1690,1911,1700,8815,B
111,Reena,F,332,1505,2040,1705,1928,1715,8893,B
112,Riya,F,335,1518,2058,1720,1945,1730,8971,B
113,Priya,M,338,1531,2076,1735,1962,1745,9049,B
114,Reena,F,341,1544,2094,1750,1979,1760,9127,B
115,Riya,F,344,1557,2112,1765,1996,1775,9205,B
116,Priya,M,347,1570,2130,1780,2013,1790,9283,B
117,Reena,F,350,1583,2148,1795,2030,1805,9361,B
118,Riya,F,353,1596,2166,1810,2047,1820,9439,B
119,Priya,M,356,1609,2184,1825,2064,1835,9517,B
120,Reena,F,359,1622,2202,1840,2081,1850,9595,B
121,Riya,F,362,1635,2220,1855,2098,1865,9673,B
122,Priya,M,365,1648,2238,1870,2115,1880,9751,B
123,Reena,F,368,1661,2256,1885,2132,1895,9829,B
124,Riya,F,371,1674,2274,1900,2149,1910,9907,B
125,Priya,M,374,1687,2292,1915,2166,1925,9985,B
126,Reena,F,377,1700,2310,1930,2183,1940,10063,B
127,Riya,F,380,1713,2328,1945,2200,1955,10141,B
128,Priya,M,383,1726,2346,1960,2217,1970,10219,B
129,Reena,F,386,1739,2364,1975,2234,1985,10297,B
130,Riya,F,389,1752,2382,1990,2251,2000,10375,B
131,Priya,M,392,1765,2400,2005,2268,2015,10453,B
132,Reena,F,395,1778,2418,2020,2285,2030,10531,B
133,Riya,F,398,1791,2436,2035,2302,2045,10609,B
134,Priya,M,401,1804,2454,2050,2319,2060,10687,B
135,Reena,F,404,1817,2472,2065,2336,2075,10765,B
136,Riya,F,407,1830,2490,2080,2353,2090,10843,B
137,Priya,M,410,1843,2508,2095,2370,2105,10921,B
138,Reena,F,413,1856,2526,2110,2387,2120,10999,B
139,Riya,F,416,1869,2544,2125,2404,2135,11077,B
140,Priya,M,419,1882,2562,2140,2421,2150,11155,B
141,Reena,F,422,1895,2580,2155,2438,2165,11233,B
142,Riya,F,425,1908,2598,2170,2455,2180,11311,B
143,Priya,M,428,1921,2616,2185,2472,2195,11389,B
144,Reena,F,431,1934,2634,2200,2489,2210,11467,B
145,Riya,F,434,1947,2652,2215,2506,2225,11545,B
146,Priya,M,437,1960,2670,2230,2523,2240,11623,B
147,Reena,F,440,1973,2688,2245,2540,2255,11701,B
148,Riya,F,443,1986,2706,2260,2557,2270,11779,B
149,Priya,M,446,1999,2724,2275,2574,2285,11857,B
150,Reena,F,449,2012,2742,2290,2591,2300,11935,B
151,Riya,F,452,2025,2760,2305,2608,2315,12013,B
152,Priya,M,455,2038,2778,2320,2625,2330,12091,B
153,Reena,F,458,2051,2796,2335,2642,2345,12169,B
154,Riya,F,461,2064,2814,2350,2659,2360,12247,B
155,Priya,M,464,2077,2832,2365,2676,2375,12325,B
156,Reena,F,467,2090,2850,2380,2693,2390,12403,B
157,Riya,F,470,2103,2868,2395,2710,2405,12481,B
158,Priya,M,473,2116,2886,2410,2727,2420,12559,B
159,Reena,F,476,2129,2904,2425,2744,2435,12637,B
160,Riya,F,479,2142,2922,2440,2761,2450,12715,B
161,Priya,M,482,2155,2940,2455,2778,2465,12793,B
162,Reena,F,485,2168,2958,2470,2795,2480,12871,B
163,Riya,F,488,2181,2976,2485,2812,2495,12949,B
164,Priya,M,491,2194,2994,2500,2829,2510,13027,B
165,Reena,F,494,2207,3012,2515,2846,2525,13105,B
166,Riya,F,497,2220,3030,2530,2863,2540,13183,B
167,Priya,M,500,2233,3048,2545,2880,2555,13261,B
168,Reena,F,503,2246,3066,2560,2897,2570,13339,C
169,Riya,F,506,2259,3084,2575,2914,2585,13417,C
170,Priya,M,509,2272,3102,2590,2931,2600,13495,C
171,Reena,F,512,2285,3120,2605,2948,2615,13573,C
172,Riya,F,515,2298,3138,2620,2965,2630,13651,C
173,Priya,M,518,2311,3156,2635,2982,2645,13729,C
174,Reena,F,521,2324,3174,2650,2999,2660,13807,C
175,Riya,F,524,2337,3192,2665,3016,2675,13885,C
176,Priya,M,527,2350,3210,2680,3033,2690,13963,C
177,Reena,F,530,2363,3228,2695,3050,2705,14041,C
178,Riya,F,533,2376,3246,2710,3067,2720,14119,C
179,Priya,M,536,2389,3264,2725,3084,2735,14197,C
180,Reena,F,539,2402,3282,2740,3101,2750,14275,C
181,Riya,F,542,2415,3300,2755,3118,2765,14353,C
182,Priya,M,545,2428,3318,2770,3135,2780,14431,C
183,Reena,F,548,2441,3336,2785,3152,2795,14509,C
184,Riya,F,551,2454,3354,2800,3169,2810,14587,C
185,Priya,M,554,2467,3372,2815,3186,2825,14665,C
186,Reena,F,557,2480,3390,2830,3203,2840,14743,C
187,Riya,F,560,2493,3408,2845,3220,2855,14821,C
188,Priya,M,563,2506,3426,2860,3237,2870,14899,C
189,Reena,F,566,2519,3444,2875,3254,2885,14977,C
190,Riya,F,569,2532,3462,2890,3271,2900,15055,C
191,Priya,M,572,2545,3480,2905,3288,2915,15133,C
192,Reena,F,575,2558,3498,2920,3305,2930,15211,C
193,Riya,F,578,2571,3516,2935,3322,2945,15289,C
194,Priya,M,581,2584,3534,2950,3339,2960,15367,C
195,Reena,F,584,2597,3552,2965,3356,2975,15445,C
196,Riya,F,587,2610,3570,2980,3373,2990,15523,C
197,Priya,M,590,2623,3588,2995,3390,3005,15601,C
198,Reena,F,593,2636,3606,3010,3407,3020,15679,A
199,Riya,F,596,2649,3624,3025,3424,3035,15757,A
200,Priya,M,599,2662,3642,3040,3441,3050,15835,A
201,Reena,F,602,2675,3660,3055,3458,3065,15913,A
202,Riya,F,605,2688,3678,3070,3475,3080,15991,A
203,Priya,M,608,2701,3696,3085,3492,3095,16069,A
204,Reena,F,611,2714,3714,3100,3509,3110,16147,A
205,Riya,F,614,2727,3732,3115,3526,3125,16225,A
206,Priya,M,617,2740,3750,3130,3543,3140,16303,D
207,Reena,F,620,2753,3768,3145,3560,3155,16381,D
208,Riya,F,623,2766,3786,3160,3577,3170,16459,D
209,Priya,M,626,2779,3804,3175,3594,3185,16537,D
210,Reena,F,629,2792,3822,3190,3611,3200,16615,D
211,Riya,F,632,2805,3840,3205,3628,3215,16693,D
212,Priya,M,635,2818,3858,3220,3645,3230,16771,D
213,Reena,F,638,2831,3876,3235,3662,3245,16849,D
214,Riya,F,641,2844,3894,3250,3679,3260,16927,D
215,Priya,M,644,2857,3912,3265,3696,3275,17005,D
216,Reena,F,647,2870,3930,3280,3713,3290,17083,D
217,Riya,F,650,2883,3948,3295,3730,3305,17161,D
218,Priya,M,653,2896,3966,3310,3747,3320,17239,D
219,Reena,F,656,2909,3984,3325,3764,3335,17317,D
220,Riya,F,659,2922,4002,3340,3781,3350,17395,D
221,Priya,M,662,2935,4020,3355,3798,3365,17473,D
222,Reena,F,665,2948,4038,3370,3815,3380,17551,D
223,Riya,F,668,2961,4056,3385,3832,3395,17629,D
224,Priya,M,671,2974,4074,3400,3849,3410,17707,D
225,Reena,F,674,2987,4092,3415,3866,3425,17785,D
226,Riya,F,677,3000,4110,3430,3883,3440,17863,D
227,Priya,M,680,3013,4128,3445,3900,3455,17941,D
228,Reena,F,683,3026,4146,3460,3917,3470,18019,D
229,Riya,F,686,3039,4164,3475,3934,3485,18097,E
230,Priya,M,689,3052,4182,3490,3951,3500,18175,E
231,Reena,F,692,3065,4200,3505,3968,3515,18253,E
232,Riya,F,695,3078,4218,3520,3985,3530,18331,E
233,Priya,M,698,3091,4236,3535,4002,3545,18409,E
234,Reena,F,701,3104,4254,3550,4019,3560,18487,E
235,Riya,F,704,3117,4272,3565,4036,3575,18565,E
236,Priya,M,707,3130,4290,3580,4053,3590,18643,E
237,Reena,F,710,3143,4308,3595,4070,3605,18721,E
238,Riya,F,713,3156,4326,3610,4087,3620,18799,E
239,Priya,M,716,3169,4344,3625,4104,3635,18877,E
240,Reena,F,719,3182,4362,3640,4121,3650,18955,E
241,Riya,F,722,3195,4380,3655,4138,3665,19033,E
242,Priya,M,725,3208,4398,3670,4155,3680,19111,E
243,Reena,F,728,3221,4416,3685,4172,3695,19189,E
244,Riya,F,731,3234,4434,3700,4189,3710,19267,E
245,Priya,M,734,3247,4452,3715,4206,3725,19345,E
246,Reena,F,737,3260,4470,3730,4223,3740,19423,E
247,Riya,F,740,3273,4488,3745,4240,3755,19501,E
248,Priya,M,743,3286,4506,3760,4257,3770,19579,E
249,Reena,F,746,3299,4524,3775,4274,3785,19657,E
250,Riya,F,749,3312,4542,3790,4291,3800,19735,E
251,Priya,M,752,3325,4560,3805,4308,3815,19813,E
252,Reena,F,755,3338,4578,3820,4325,3830,19891,E
253,Riya,F,758,3351,4596,3835,4342,3845,19969,E
254,Priya,M,761,3364,4614,3850,4359,3860,20047,E
255,Reena,F,764,3377,4632,3865,4376,3875,20125,E
256,Riya,F,767,3390,4650,3880,4393,3890,20203,E
257,Priya,M,770,3403,4668,3895,4410,3905,20281,E
258,Reena,F,773,3416,4686,3910,4427,3920,20359,E
259,Riya,F,776,3429,4704,3925,4444,3935,20437,E
260,Priya,M,779,3442,4722,3940,4461,3950,20515,E
261,Reena,F,782,3455,4740,3955,4478,3965,20593,E
262,Riya,F,785,3468,4758,3970,4495,3980,20671,E
263,Priya,M,788,3481,4776,3985,4512,3995,20749,E
264,Reena,F,791,3494,4794,4000,4529,4010,20827,E
265,Riya,F,794,3507,4812,4015,4546,4025,20905,E
266,Priya,M,797,3520,4830,4030,4563,4040,20983,E
267,Reena,F,800,3533,4848,4045,4580,4055,21061,E
268,Riya,F,803,3546,4866,4060,4597,4070,21139,E
269,Priya,M,806,3559,4884,4075,4614,4085,21217,E
270,Reena,F,809,3572,4902,4090,4631,4100,21295,E
271,Riya,F,812,3585,4920,4105,4648,4115,21373,E
272,Priya,M,815,3598,4938,4120,4665,4130,21451,E
273,Reena,F,818,3611,4956,4135,4682,4145,21529,E
274,Riya,F,821,3624,4974,4150,4699,4160,21607,E
275,Priya,M,824,3637,4992,4165,4716,4175,21685,E
276,Reena,F,827,3650,5010,4180,4733,4190,21763,E
277,Riya,F,830,3663,5028,4195,4750,4205,21841,E
278,Priya,M,833,3676,5046,4210,4767,4220,21919,E
279,Reena,F,836,3689,5064,4225,4784,4235,21997,E
280,Riya,F,839,3702,5082,4240,4801,4250,22075,E
281,Priya,M,842,3715,5100,4255,4818,4265,22153,F
282,Reena,F,845,3728,5118,4270,4835,4280,22231,F
283,Riya,F,848,3741,5136,4285,4852,4295,22309,F
284,Priya,M,851,3754,5154,4300,4869,4310,22387,F
285,Reena,F,854,3767,5172,4315,4886,4325,22465,F
286,Riya,F,857,3780,5190,4330,4903,4340,22543,F
287,Priya,M,860,3793,5208,4345,4920,4355,22621,F
288,Reena,F,863,3806,5226,4360,4937,4370,22699,F
289,Riya,F,866,3819,5244,4375,4954,4385,22777,F
290,Priya,M,869,3832,5262,4390,4971,4400,22855,F
291,Reena,F,872,3845,5280,4405,4988,4415,22933,F
292,Riya,F,875,3858,5298,4420,5005,4430,23011,F
293,Priya,M,878,3871,5316,4435,5022,4445,23089,F
294,Reena,F,881,3884,5334,4450,5039,4460,23167,F
295,Riya,F,884,3897,5352,4465,5056,4475,23245,F
296,Priya,M,887,3910,5370,4480,5073,4490,23323,F
297,Reena,F,890,3923,5388,4495,5090,4505,23401,F
298,Riya,F,893,3936,5406,4510,5107,4520,23479,F
299,Priya,M,896,3949,5424,4525,5124,4535,23557,F
300,Reena,F,899,3962,5442,4540,5141,4550,23635,F
301,Riya,F,902,3975,5460,4555,5158,4565,23713,F
302,Priya,M,905,3988,5478,4570,5175,4580,23791,F
303,Reena,F,908,4001,5496,4585,5192,4595,23869,F
304,Riya,F,911,4014,5514,4600,5209,4610,23947,F
305,Priya,M,914,4027,5532,4615,5226,4625,24025,F
306,Reena,F,917,4040,5550,4630,5243,4640,24103,F
307,Riya,F,920,4053,5568,4645,5260,4655,24181,F
308,Priya,M,923,4066,5586,4660,5277,4670,24259,F
309,Reena,F,926,4079,5604,4675,5294,4685,24337,F
310,Riya,F,929,4092,5622,4690,5311,4700,24415,F
311,Priya,M,932,4105,5640,4705,5328,4715,24493,F
312,Reena,F,935,4118,5658,4720,5345,4730,24571,F
313,Riya,F,938,4131,5676,4735,5362,4745,24649,F
314,Priya,M,941,4144,5694,4750,5379,4760,24727,F
315,Reena,F,944,4157,5712,4765,5396,4775,24805,F
316,Riya,F,947,4170,5730,4780,5413,4790,24883,F
317,Priya,M,950,4183,5748,4795,5430,4805,24961,F
318,Reena,F,953,4196,5766,4810,5447,4820,25039,F
319,Riya,F,956,4209,5784,4825,5464,4835,25117,F
320,Priya,M,959,4222,5802,4840,5481,4850,25195,F
321,Reena,F,962,4235,5820,4855,5498,4865,25273,F
322,Riya,F,965,4248,5838,4870,5515,4880,25351,F
323,Priya,M,968,4261,5856,4885,5532,4895,25429,F
324,Reena,F,971,4274,5874,4900,5549,4910,25507,F
325,Riya,F,974,4287,5892,4915,5566,4925,25585,A
326,Priya,M,977,4300,5910,4930,5583,4940,25663,A
327,Reena,F,980,4313,5928,4945,5600,4955,25741,A
328,Riya,F,983,4326,5946,4960,5617,4970,25819,A
329,Priya,M,986,4339,5964,4975,5634,4985,25897,A
330,Reena,F,989,4352,5982,4990,5651,5000,25975,A
331,Riya,F,992,4365,6000,5005,5668,5015,26053,A
332,Priya,M,995,4378,6018,5020,5685,5030,26131,A
333,Reena,F,998,4391,6036,5035,5702,5045,26209,A
334,Riya,F,1001,4404,6054,5050,5719,5060,26287,A
335,Priya,M,1004,4417,6072,5065,5736,5075,26365,A
336,Reena,F,1007,4430,6090,5080,5753,5090,26443,A
337,Riya,F,1010,4443,6108,5095,5770,5105,26521,A
338,Priya,M,1013,4456,6126,5110,5787,5120,26599,A
339,Reena,F,1016,4469,6144,5125,5804,5135,26677,A
340,Riya,F,1019,4482,6162,5140,5821,5150,26755,A
341,Priya,M,1022,4495,6180,5155,5838,5165,26833,B
342,Reena,F,1025,4508,6198,5170,5855,5180,26911,B
343,Riya,F,1028,4521,6216,5185,5872,5195,26989,B
344,Priya,M,1031,4534,6234,5200,5889,5210,27067,B
345,Reena,F,1034,4547,6252,5215,5906,5225,27145,B
346,Riya,F,1037,4560,6270,5230,5923,5240,27223,B
347,Priya,M,1040,4573,6288,5245,5940,5255,27301,B
348,Reena,F,1043,4586,6306,5260,5957,5270,27379,B
349,Riya,F,1046,4599,6324,5275,5974,5285,27457,B
350,Priya,M,1049,4612,6342,5290,5991,5300,27535,B
351,Reena,F,1052,4625,6360,5305,6008,5315,27613,B
352,Riya,F,1055,4638,6378,5320,6025,5330,27691,B
353,Priya,M,1058,4651,6396,5335,6042,5345,27769,B
354,Reena,F,1061,4664,6414,5350,6059,5360,27847,B
355,Riya,F,1064,4677,6432,5365,6076,5375,27925,B
356,Priya,M,1067,4690,6450,5380,6093,5390,28003,B
357,Reena,F,1070,4703,6468,5395,6110,5405,28081,B
358,Riya,F,1073,4716,6486,5410,6127,5420,28159,B
359,Priya,M,1076,4729,6504,5425,6144,5435,28237,B
360,Reena,F,1079,4742,6522,5440,6161,5450,28315,B
361,Riya,F,1082,4755,6540,5455,6178,5465,28393,B
362,Priya,M,1085,4768,6558,5470,6195,5480,28471,B
363,Reena,F,1088,4781,6576,5485,6212,5495,28549,B
364,Riya,F,1091,4794,6594,5500,6229,5510,28627,B
365,Priya,M,1094,4807,6612,5515,6246,5525,28705,B
366,Reena,F,1097,4820,6630,5530,6263,5540,28783,B
367,Riya,F,1100,4833,6648,5545,6280,5555,28861,B
368,Priya,M,1103,4846,6666,5560,6297,5570,28939,B
369,Reena,F,1106,4859,6684,5575,6314,5585,29017,B
370,Riya,F,1109,4872,6702,5590,6331,5600,29095,B
371,Priya,M,1112,4885,6720,5605,6348,5615,29173,B
372,Reena,F,1115,4898,6738,5620,6365,5630,29251,B
373,Riya,F,1118,4911,6756,5635,6382,5645,29329,B
374,Priya,M,1121,4924,6774,5650,6399,5660,29407,B
375,Reena,F,1124,4937,6792,5665,6416,5675,29485,B
376,Riya,F,1127,4950,6810,5680,6433,5690,29563,B
377,Priya,M,1130,4963,6828,5695,6450,5705,29641,B
378,Reena,F,1133,4976,6846,5710,6467,5720,29719,B
379,Riya,F,1136,4989,6864,5725,6484,5735,29797,C
380,Priya,M,1139,5002,6882,5740,6501,5750,29875,C
381,Reena,F,1142,5015,6900,5755,6518,5765,29953,C
382,Riya,F,1145,5028,6918,5770,6535,5780,30031,C
383,Priya,M,1148,5041,6936,5785,6552,5795,30109,C
384,Reena,F,1151,5054,6954,5800,6569,5810,30187,C
385,Riya,F,1154,5067,6972,5815,6586,5825,30265,C
386,Priya,M,1157,5080,6990,5830,6603,5840,30343,C
387,Reena,F,1160,5093,7008,5845,6620,5855,30421,C
388,Riya,F,1163,5106,7026,5860,6637,5870,30499,C
389,Priya,M,1166,5119,7044,5875,6654,5885,30577,C
390,Reena,F,1169,5132,7062,5890,6671,5900,30655,C
391,Riya,F,1172,5145,7080,5905,6688,5915,30733,C
392,Priya,M,1175,5158,7098,5920,6705,5930,30811,C
393,Reena,F,1178,5171,7116,5935,6722,5945,30889,C
394,Riya,F,1181,5184,7134,5950,6739,5960,30967,C
395,Priya,M,1184,5197,7152,5965,6756,5975,31045,C
396,Reena,F,1187,5210,7170,5980,6773,5990,31123,C
397,Riya,F,1190,5223,7188,5995,6790,6005,31201,C
398,Priya,M,1193,5236,7206,6010,6807,6020,31279,C
399,Reena,F,1196,5249,7224,6025,6824,6035,31357,C
400,Riya,F,1199,5262,7242,6040,6841,6050,31435,C
401,Priya,M,1202,5275,7260,6055,6858,6065,31513,C
402,Reena,F,1205,5288,7278,6070,6875,6080,31591,C
403,Riya,F,1208,5301,7296,6085,6892,6095,31669,C
404,Priya,M,1211,5314,7314,6100,6909,6110,31747,C
405,Reena,F,1214,5327,7332,6115,6926,6125,31825,C
406,Riya,F,1217,5340,7350,6130,6943,6140,31903,C
407,Priya,M,1220,5353,7368,6145,6960,6155,31981,C
408,Reena,F,1223,5366,7386,6160,6977,6170,32059,C
409,Riya,F,1226,5379,7404,6175,6994,6185,32137,C
410,Priya,M,1229,5392,7422,6190,7011,6200,32215,C
411,Reena,F,1232,5405,7440,6205,7028,6215,32293,C
412,Riya,F,1235,5418,7458,6220,7045,6230,32371,C
413,Priya,M,1238,5431,7476,6235,7062,6245,32449,C
414,Reena,F,1241,5444,7494,6250,7079,6260,32527,D
415,Riya,F,1244,5457,7512,6265,7096,6275,32605,D
416,Priya,M,1247,5470,7530,6280,7113,6290,32683,D
417,Reena,F,1250,5483,7548,6295,7130,6305,32761,D
418,Riya,F,1253,5496,7566,6310,7147,6320,32839,D
419,Priya,M,1256,5509,7584,6325,7164,6335,32917,D
420,Reena,F,1259,5522,7602,6340,7181,6350,32995,D
421,Riya,F,1262,5535,7620,6355,7198,6365,33073,D
422,Priya,M,1265,5548,7638,6370,7215,6380,33151,D
423,Reena,F,1268,5561,7656,6385,7232,6395,33229,D
424,Riya,F,1271,5574,7674,6400,7249,6410,33307,D
425,Priya,M,1274,5587,7692,6415,7266,6425,33385,D
426,Reena,F,1277,5600,7710,6430,7283,6440,33463,D
427,Riya,F,1280,5613,7728,6445,7300,6455,33541,D
428,Priya,M,1283,5626,7746,6460,7317,6470,33619,D
429,Reena,F,1286,5639,7764,6475,7334,6485,33697,D
430,Riya,F,1289,5652,7782,6490,7351,6500,33775,D
431,Priya,M,1292,5665,7800,6505,7368,6515,33853,D
432,Reena,F,1295,5678,7818,6520,7385,6530,33931,D
433,Riya,F,1298,5691,7836,6535,7402,6545,34009,B
434,Priya,M,1301,5704,7854,6550,7419,6560,34087,B
435,Reena,F,1304,5717,7872,6565,7436,6575,34165,B
436,Riya,F,1307,5730,7890,6580,7453,6590,34243,B
437,Priya,M,1310,5743,7908,6595,7470,6605,34321,B
438,Reena,F,1313,5756,7926,6610,7487,6620,34399,B
439,Riya,F,1316,5769,7944,6625,7504,6635,34477,B
440,Priya,M,1319,5782,7962,6640,7521,6650,34555,B
441,Reena,F,1322,5795,7980,6655,7538,6665,34633,B
442,Riya,F,1325,5808,7998,6670,7555,6680,34711,B
443,Priya,M,1328,5821,8016,6685,7572,6695,34789,B
444,Reena,F,1331,5834,8034,6700,7589,6710,34867,B
445,Riya,F,1334,5847,8052,6715,7606,6725,34945,B
446,Priya,M,1337,5860,8070,6730,7623,6740,35023,B
447,Reena,F,1340,5873,8088,6745,7640,6755,35101,B
448,Riya,F,1343,5886,8106,6760,7657,6770,35179,B
449,Priya,M,1346,5899,8124,6775,7674,6785,35257,C
450,Reena,F,1349,5912,8142,6790,7691,6800,35335,C
451,Riya,F,1352,5925,8160,6805,7708,6815,35413,C
452,Priya,M,1355,5938,8178,6820,7725,6830,35491,C
453,Reena,F,1358,5951,8196,6835,7742,6845,35569,C
454,Riya,F,1361,5964,8214,6850,7759,6860,35647,C
455,Priya,M,1364,5977,8232,6865,7776,6875,35725,C
456,Reena,F,1367,5990,8250,6880,7793,6890,35803,C
457,Riya,F,1370,6003,8268,6895,7810,6905,35881,C
458,Priya,M,1373,6016,8286,6910,7827,6920,35959,C
459,Reena,F,1376,6029,8304,6925,7844,6935,36037,C
460,Riya,F,1379,6042,8322,6940,7861,6950,36115,A
461,Priya,M,1382,6055,8340,6955,7878,6965,36193,A
462,Reena,F,1385,6068,8358,6970,7895,6980,36271,A
463,Riya,F,1388,6081,8376,6985,7912,6995,36349,A
464,Priya,M,1391,6094,8394,7000,7929,7010,36427,A
465,Reena,F,1394,6107,8412,7015,7946,7025,36505,A
466,Riya,F,1397,6120,8430,7030,7963,7040,36583,A
467,Priya,M,1400,6133,8448,7045,7980,7055,36661,A
468,Reena,F,1403,6146,8466,7060,7997,7070,36739,A
469,Riya,F,1406,6159,8484,7075,8014,7085,36817,A
470,Priya,M,1409,6172,8502,7090,8031,7100,36895,A
471,Reena,F,1412,6185,8520,7105,8048,7115,36973,A
472,Riya,F,1415,6198,8538,7120,8065,7130,37051,A
473,Priya,M,1418,6211,8556,7135,8082,7145,37129,A
474,Reena,F,1421,6224,8574,7150,8099,7160,37207,A
475,Riya,F,1424,6237,8592,7165,8116,7175,37285,A
476,Priya,M,1427,6250,8610,7180,8133,7190,37363,A
477,Reena,F,1430,6263,8628,7195,8150,7205,37441,A
478,Riya,F,1433,6276,8646,7210,8167,7220,37519,A
479,Priya,M,1436,6289,8664,7225,8184,7235,37597,A
480,Reena,F,1439,6302,8682,7240,8201,7250,37675,A
481,Riya,F,1442,6315,8700,7255,8218,7265,37753,B
482,Priya,M,1445,6328,8718,7270,8235,7280,37831,B
483,Reena,F,1448,6341,8736,7285,8252,7295,37909,B
484,Riya,F,1451,6354,8754,7300,8269,7310,37987,B
485,Priya,M,1454,6367,8772,7315,8286,7325,38065,B
486,Reena,F,1457,6380,8790,7330,8303,7340,38143,B
487,Riya,F,1460,6393,8808,7345,8320,7355,38221,B
488,Priya,M,1463,6406,8826,7360,8337,7370,38299,B
489,Reena,F,1466,6419,8844,7375,8354,7385,38377,B
490,Riya,F,1469,6432,8862,7390,8371,7400,38455,B
491,Priya,M,1472,6445,8880,7405,8388,7415,38533,B
492,Reena,F,1475,6458,8898,7420,8405,7430,38611,B
493,Riya,F,1478,6471,8916,7435,8422,7445,38689,B
494,Priya,M,1481,6484,8934,7450,8439,7460,38767,B
495,Reena,F,1484,6497,8952,7465,8456,7475,38845,B
496,Riya,F,1487,6510,8970,7480,8473,7490,38923,B
497,Priya,M,1490,6523,8988,7495,8490,7505,39001,A
498,Reena,F,1493,6536,9006,7510,8507,7520,39079,A
499,Riya,F,1496,6549,9024,7525,8524,7535,39157,A
500,Priya,M,1499,6562,9042,7540,8541,7550,39235,A
